cluster_label,merchant_count,total_rar,avg_health
Healthy,345,127337639.24,72.3025317465669
Risky,155,16565933.66,66.11601760481362
