cluster_label,merchant_count,total_rar,avg_health
Healthy,290,119768394.45,73.73641150937068
Risky,210,24135178.45,65.75617544568667
